outlet,article_id,entity_type,sentence
cnn,cnn_10_may25,shooter,"Nineteen children and two adults were on the brink of celebrating the end of the school year at Robb Elementary School when a gunman came in and opened fire, stealing Nineteen children and two adults's lives and devastating a nation."
cnn,cnn_10_may25,victim,"LIVE UPDATES: Deadly shooting at Texas elementary school

Relatives embarked on the grim task of providing DNA swabs to help investigators determine whether Relatives's family member was among Nineteen children and two adults."
cnn,cnn_18_may25,victim,"The National Rifle Association's annual meeting was canceled in 2020 and 2021 due to the coronavirus pandemic, but this year The National Rifle Association is moving ahead with The National Rifle Association's plans, holding its 2022 annual meeting at a time when both gun rights and the organization The National Rifle Association have come under intense scrutiny, especially after a shooting at an elementary school in Uvalde, Texas, left 21 dead."
cnn,cnn_3_may24,victim,"An 18-year-old man is also dead, Gov. Greg Abbott said."
cnn,cnn_3_may24,shooter,"The Uvalde Consolidated Independent School District (UCISD) said there was an ""active shooter"" at an elementary school in Uvalde, Texas, at 12:17 p.m. Tuesday local time and said law enforcement was on site."
cnn,cnn_21_may25,victim,"When Democrat Beto O'Rourke confronted Texas Republican Gov. Greg Abbott during a press conference Wednesday in the wake of a mass school shooting that left 19 children and two adults dead, Democrat Beto O'Rourke was shouted down for making a mass school shooting that left 19 children and two adults dead political."
cnn,cnn_7_may25,victim,"Tuesday's's shooting at a Texas elementary school, which has left at least 19 children and two adults dead, marked another instance of a uniquely American tragedy."
cnn,cnn_7_may25,victim,"Tuesday's shooting at a Texas elementary school, which has left at least 19 children and two adults dead is the latest entry in the long history of gun violence in the United States."
cnn,cnn_2_may24,shooter,"A suspect is in custody after a shooting at an elementary school in Uvalde, Texas, left Two people dead and injured more than a dozen others, including students, authorities said."
cnn,cnn_2_may24,victim,"A suspect is in custody after a shooting at an elementary school in Uvalde, Texas, left Two people dead and injured more than a dozen others, including students, authorities said."
cnn,cnn_2_may24,shooter,"The Uvalde Consolidated Independent School District (UCISD) said there was an ""active shooter"" at Robb Elementary School at 12:17 p.m. Tuesday local time and said law enforcement was on site."
cnn,cnn_2_may24,shooter,"A suspect was taken into custody, according to the Uvalde Police Department."
cnn,cnn_9_may25,victim,"Tuesday's's shooting at a Texas elementary school, which has left at least 19 children and two adults dead, marked another instance of a uniquely American tragedy."
cnn,cnn_9_may25,victim,"Tuesday's shooting at a Texas elementary school, which has left at least 19 children and two adults dead is the latest entry in the long history of gun violence in the United States."
cnn,cnn_17_may25,shooter,"The suspect who The heinous attack 19 kids and two teachers at an elementary school in Uvalde, Texas, was a local high school student with few if any friends who officials said legally purchased two assault rifles and scores of ammo last week for The suspect who killed 19 kids and two teachers at an elementary school in Uvalde, Texas's 18th birthday."
cnn,cnn_17_may25,victim,"The suspect who The heinous attack 19 kids and two teachers at an elementary school in Uvalde, Texas, was a local high school student with few if any friends who officials said legally purchased two assault rifles and scores of ammo last week for The suspect who killed 19 kids and two teachers at an elementary school in Uvalde, Texas's 18th birthday."
cnn,cnn_17_may25,shooter,"Salvador Ramos was identified as the gunman who stormed into an elementary school in Uvalde, Texas on Tuesday with an assault rifle and tactical vest, barricaded The suspect who killed 19 kids and two teachers at an elementary school in Uvalde, Texas in a classroom of children and opened fire."
cnn,cnn_17_may25,victim,"Salvador Ramos was identified as the gunman who stormed into an elementary school in Uvalde, Texas on Tuesday with an assault rifle and tactical vest, barricaded The suspect who killed 19 kids and two teachers at an elementary school in Uvalde, Texas in a classroom of children and opened fire."
cnn,cnn_17_may25,shooter,"Responding officers eventually forced Responding officers's way into a classroom of children and fatally shot The suspect who killed 19 kids and two teachers at an elementary school in Uvalde, Texas."
cnn,cnn_17_may25,victim,"Responding officers eventually forced Responding officers's way into a classroom of children and fatally shot The suspect who killed 19 kids and two teachers at an elementary school in Uvalde, Texas."
cnn,cnn_17_may25,shooter,"The heinous attack came just two days before students were set to be released for the summer and left a community and nation asking yet again: Who would do The heinous attack, and why?

An examination of The suspect who killed 19 kids and two teachers at an elementary school in Uvalde, Texas's personal background reveals The suspect who killed 19 kids and two teachers at an elementary school in Uvalde, Texas."
cnn,cnn_17_may25,victim,"The heinous attack came just two days before students were set to be released for the summer and left a community and nation asking yet again: Who would do The heinous attack, and why?

An examination of The suspect who killed 19 kids and two teachers at an elementary school in Uvalde, Texas's personal background reveals The suspect who killed 19 kids and two teachers at an elementary school in Uvalde, Texas."
cnn,cnn_17_may25,shooter,"The suspect who killed 19 kids and two teachers at an elementary school in Uvalde, Texas purchased guns and ammo last week"
cnn,cnn_17_may25,victim,"The suspect who killed 19 kids and two teachers at an elementary school in Uvalde, Texas purchased guns and ammo last week"
cnn,cnn_17_may25,shooter,"The suspect who killed 19 kids and two teachers at an elementary school in Uvalde, Texas's actions leading up to The heinous attack offer hints at The suspect who killed 19 kids and two teachers at an elementary school in Uvalde, Texas's mindset and plan."
cnn,cnn_17_may25,victim,"The suspect who killed 19 kids and two teachers at an elementary school in Uvalde, Texas's actions leading up to The heinous attack offer hints at The suspect who killed 19 kids and two teachers at an elementary school in Uvalde, Texas's mindset and plan."
cnn,cnn_11_may24_replacement,shooter,"Two days before the start of summer break, an 18-year-old man opened fire at an elementary school in Uvalde, Texas, on Tuesday, killing 14 students and one teacher, Gov. Greg Abbott said."
cnn,cnn_11_may24_replacement,victim,"an 18-year-old man is believed to have shot an 18-year-old man's grandmother before going to an elementary school in Uvalde, Texas,, three law enforcement sources told CNN."
cnn,cnn_11_may24_replacement,victim,"an 18-year-old man shot and killed, horrifically, incomprehensively, 14 students and killed one teacher,"" Uvalde Consolidated Independent School District police Chief Pete Arredondo said."
cnn,cnn_15_may25,shooter,"Kaitlin Marie Armstrong, the woman suspected of fatally the killing elite cyclist Anna Moriah ""Mo"" Wilson in Texas, is believed to have traveled to New York City after the killing, authorities said Wednesday."
cnn,cnn_15_may25,shooter,"Armstrong, 34, accused in the May 11 shooting of Wilson -- who had previously dated Kaitlin Marie Armstrong, the woman suspected of fatally shooting elite cyclist Anna Moriah ""Mo"" Wilson in Texas,'s boyfriend -- in what investigators believe may have been a deadly act of romantic jealousy."
cnn,cnn_15_may25,victim,"Armstrong, 34, accused in the May 11 shooting of Wilson -- who had previously dated Kaitlin Marie Armstrong, the woman suspected of fatally shooting elite cyclist Anna Moriah ""Mo"" Wilson in Texas,'s boyfriend -- in what investigators believe may have been a deadly act of romantic jealousy."
cnn,cnn_15_may25,shooter,"A homicide warrant was issued for Kaitlin Marie Armstrong, the woman suspected of fatally shooting elite cyclist Anna Moriah ""Mo"" Wilson in Texas, on May 17."
cnn,cnn_15_may25,victim,"Officers went to a friend's house in Austin shortly before 10 p.m. to find elite cyclist Anna Moriah ""Mo"" Wilson suffering from gunshot wounds, according to police."
cnn,cnn_15_may25,victim,"elite cyclist Anna Moriah ""Mo"" Wilson was pronounced dead at the scene."
cnn,cnn_15_may25,shooter,"Surveillance video shows a vehicle like Kaitlin Marie Armstrong, the woman suspected of fatally shooting elite cyclist Anna Moriah ""Mo"" Wilson in Texas,'s near the scene of the killing, according to an arrest affidavit filed by police in Travis County District Court."
cnn,cnn_16_may25,shooter,"An 18-year-old gunman on Tuesday fatally a horrific shooting at a Texas elementary school 19 children and two teachers at a Texas elementary school before An 18-year-old gunman was killed by law enforcement officers, officials said."
cnn,cnn_16_may25,victim,"An 18-year-old gunman on Tuesday fatally a horrific shooting at a Texas elementary school 19 children and two teachers at a Texas elementary school before An 18-year-old gunman was killed by law enforcement officers, officials said."
cnn,cnn_16_may25,victim,"a horrific shooting at a Texas elementary school is the deadliest shooting at a school since the Sandy Hook massacre in Connecticut in 2012 that left 26 people dead, including 20 children aged between 6 and 7 years old."
cnn,cnn_6_may25,shooter,"Just two days before students in a Texas elementary school were set to begin students in a Texas elementary school's summer break, a gunman clad in body armor rushed a gunman clad in body armor's way into a Texas elementary school and The violent act fire on classrooms of young children, killing students in a Texas elementary school, officials said."
cnn,cnn_6_may25,shooter,"a gunman clad in body armor, is believed to have shot a gunman clad in body armor's grandmother before driving to a Texas elementary school to carry out to attack, according to the Texas Department of Public Safety."
cnn,cnn_6_may25,victim,"a gunman clad in body armor, is believed to have shot a gunman clad in body armor's grandmother before driving to a Texas elementary school to carry out to attack, according to the Texas Department of Public Safety."
cnn,cnn_6_may25,shooter,"As a gunman clad in body armor tried to enter a Texas elementary school, a gunman clad in body armor was engaged by school district police officers, but was still able to enter a Texas elementary school and go into multiple classrooms, the Texas Department of Public Safety Sgt."
cnn,cnn_6_may25,shooter,Authorities say a gunman clad in body armor was armed with a rifle and carrying a backpack.
cnn,cnn_6_may25,victim,The violent act marks the deadliest school shooting in nearly a decade since 26 children and adults were killed at Sandy Hook Elementary School in 2012.
cnn,cnn_4_may24,victim,"Eighteen children and one adult were killed in Tuesday's's mass shooting in Uvalde, Texas, according to Sgt."
cnn,cnn_4_may24,shooter,"Gov. Greg Abbott said earlier Tuesday ""it is believed"" that the shooter, 18-year-old Salvador Ramos, was killed by law enforcement."
cnn,cnn_4_may24,victim,"Gov. Greg Abbott said earlier Tuesday ""it is believed"" that the shooter, 18-year-old Salvador Ramos, was killed by law enforcement."
cnn,cnn_4_may24,shooter,"Erick Estrada of the Texas Department of Public Safety confirmed the shooter, 18-year-old Salvador Ramos, was killed."
cnn,cnn_4_may24,victim,"Erick Estrada of the Texas Department of Public Safety confirmed the shooter, 18-year-old Salvador Ramos, was killed."
cnn,cnn_4_may24,shooter,"the shooter, 18-year-old Salvador Ramos, is believed to have shot the shooter, 18-year-old Salvador Ramos,'s grandmother before going to the school, three law enforcement sources told CNN."
cnn,cnn_4_may24,victim,"the shooter, 18-year-old Salvador Ramos, is believed to have shot the shooter, 18-year-old Salvador Ramos,'s grandmother before going to the school, three law enforcement sources told CNN."
cnn,cnn_4_may24,shooter,"Two days before the start of summer break, the shooter, 18-year-old Salvador Ramos, Tuesday's mass shooting in Uvalde, Texas fire at an elementary school in Uvalde, Texas, on Tuesday's, killing Eighteen children and one teacher, Gov. Greg Abbott said."
cnn,cnn_23_may25,shooter,"Just before killing 19 children and two teachers in a Texas elementary school Tuesday, the 18-year-old gunman allegedly texted a girl who lives in Germany about the 18-year-old gunman's intentions."
cnn,cnn_23_may25,shooter,"According to screenshots reviewed by CNN and an interview with the 15-year-old girl -- who said a girl who lives in Germany had been in contact with the 18-year-old gunman for weeks -- the 18-year-old gunman complained about the 18-year-old gunman's grandmother being ""on the phone with AT&T abojt (sic) the 18-year-old gunman's phone."
cnn,cnn_23_may25,victim,"According to screenshots reviewed by CNN and an interview with the 15-year-old girl -- who said a girl who lives in Germany had been in contact with the 18-year-old gunman for weeks -- the 18-year-old gunman complained about the 18-year-old gunman's grandmother being ""on the phone with AT&T abojt (sic) the 18-year-old gunman's phone."
cnn,cnn_23_may25,shooter,"""

""It's annoying,"" the 18-year-old gunman texted."
cnn,cnn_23_may25,shooter,"Six minutes later, the 18-year-old gunman texted: ""the 18-year-old gunman just shot the 18-year-old gunman's grandma in his grandmother's head."""
cnn,cnn_23_may25,victim,"Six minutes later, the 18-year-old gunman texted: ""the 18-year-old gunman just shot the 18-year-old gunman's grandma in his grandmother's head."""
cnn,cnn_23_may25,shooter,"Seconds after that, the 18-year-old gunman said, ""the 18-year-old gunmanma go shoot up a(n) elementary school rn (right now)."
cnn,cnn_14_may25,shooter,"Nineteen children and two teachers were close to celebrating the end of the school year at Robb Elementary School when a gunman came in and opened fire, stealing Nineteen children and two teachers's lives and devastating a nation."
cnn,cnn_14_may25,victim,"LIVE UPDATES: Deadly shooting at Texas elementary school

Relatives embarked on the grim task of providing DNA swabs to help investigators determine whether Relatives's family member was among Nineteen children and two teachers."
cnn,cnn_25_may25,victim,"When Democrat Beto O'Rourke confronted Texas Republican Gov. Greg Abbott during a press conference Wednesday in the wake of a mass school shooting that left 19 children and two adults dead, Democrat Beto O'Rourke was shouted down for making a mass school shooting that left 19 children and two adults dead political."
cnn,cnn_13_may25,shooter,"Just before killing 19 children and two teachers in a Texas elementary school Tuesday, the 18-year-old gunman allegedly texted a girl who lives in Germany about the 18-year-old gunman's intentions."
cnn,cnn_13_may25,shooter,"According to screenshots reviewed by CNN and an interview with the 15-year-old girl -- who said a girl who lives in Germany had been in contact with the 18-year-old gunman for weeks -- the 18-year-old gunman complained about the 18-year-old gunman's grandmother being ""on the phone with AT&T abojt (sic) the 18-year-old gunman's phone."
cnn,cnn_13_may25,victim,"According to screenshots reviewed by CNN and an interview with the 15-year-old girl -- who said a girl who lives in Germany had been in contact with the 18-year-old gunman for weeks -- the 18-year-old gunman complained about the 18-year-old gunman's grandmother being ""on the phone with AT&T abojt (sic) the 18-year-old gunman's phone."
cnn,cnn_13_may25,shooter,"""

""It's annoying,"" the 18-year-old gunman texted."
cnn,cnn_13_may25,shooter,"Six minutes later, the 18-year-old gunman texted: ""the 18-year-old gunman just shot the 18-year-old gunman's grandma in his grandmother's head."""
cnn,cnn_13_may25,victim,"Six minutes later, the 18-year-old gunman texted: ""the 18-year-old gunman just shot the 18-year-old gunman's grandma in his grandmother's head."""
cnn,cnn_13_may25,shooter,"Seconds after that, the 18-year-old gunman said, ""the 18-year-old gunmanma go shoot up a(n) elementary school rn (right now)."
cnn,cnn_24_may25,victim,"The deliberations come as the country mourns another tragedy, victims of gun violence plea for more action, and the political branches seem forever divided on a path forward."
cnn,cnn_1_may24,shooter,"A suspect is in custody after a shooting incident at Robb Elementary School in Uvalde, Texas, left at least two dead and injured 14 people, including students, authorities said."
cnn,cnn_1_may24,victim,"A suspect is in custody after a shooting incident at Robb Elementary School in Uvalde, Texas, left at least two dead and injured 14 people, including students, authorities said."
cnn,cnn_1_may24,shooter,"The Uvalde Consolidated Independent School District (UCISD) posted about an ""active shooter"" at Robb Elementary School in Uvalde, Texas, at 12:17 p.m. local time and said law enforcement was on site."
cnn,cnn_1_may24,shooter,"A suspect was taken into custody as of 1:06 p.m. local time, according to the Uvalde Police Department."
cnn,cnn_5_may24,shooter,An 18-year-old gunman on Tuesday fatally
cnn,cnn_5_may24,shooter,"The shooting 18 children and an adult at a Texas elementary school before An 18-year-old gunman was killed by law enforcement officers, officials said."
cnn,cnn_5_may24,victim,"The shooting 18 children and an adult at a Texas elementary school before An 18-year-old gunman was killed by law enforcement officers, officials said."
cnn,cnn_5_may24,shooter,"The shooter -- identified by Texas officials as Salvador Ramos, of Uvalde -- also shot An 18-year-old gunman's grandmother before going to a Texas elementary school, three law enforcement sources told CNN."
cnn,cnn_5_may24,victim,"The shooter -- identified by Texas officials as Salvador Ramos, of Uvalde -- also shot An 18-year-old gunman's grandmother before going to a Texas elementary school, three law enforcement sources told CNN."
cnn,cnn_5_may24,shooter,"An 18-year-old gunman is believed to have acted alone, Uvalde Police Chief Pete Arredondo said."
cnn,cnn_5_may24,victim,"The shooting was the deadliest at an elementary school since the Sandy Hook massacre in Connecticut in 2012 that left 26 people dead, including 20 children between 6 and 7 years old."
cnn,cnn_19_may25,victim,Texas Democratic gubernatorial nominee Beto O'Rourke confronted Texas Republican Gov. Greg Abbott and other officials on Wednesday as Texas Republican Gov. Greg Abbott and other officials tried to provide updates on Tuesday's deadly shooting at an elementary school in Texas.
cnn,cnn_8_may25,victim,"Nineteen children and two adults were killed in a mass shooting at an elementary school in Uvalde, Texas, Tuesday in what is now the second deadliest school shooting in the US."
cnn,cnn_8_may25,shooter,"The 18-year-old shooter, identified by officials as Salvador Ramos, was shot and killed by responding law enforcement."
cnn,cnn_8_may25,victim,"The 18-year-old shooter, identified by officials as Salvador Ramos, was shot and killed by responding law enforcement."
cnn,cnn_8_may25,shooter,"The 18-year-old shooter, identified by officials as Salvador Ramos, arrived at an elementary school in Uvalde, Texas, with a long rifle and wearing body armor, according to Sgt."
cnn,cnn_12_may25,victim,Yeezy Gap has postponed the launch of Yeezy Gap's Balenciaga collection following the deadly shooting at a Texas elementary school.
cnn,cnn_12_may25,victim,"Yeezy Gap posted a message on Yeezy Gap's website Wednesday morning: ""In light of the tragedy in Uvalde, Texas, Yeezy Gap are postponing the launch of its Balenciaga collection following the deadly shooting at a Texas elementary school until Friday, May 27."
cnn,cnn_12_may25,shooter,"As Yeezy Gap pause, Yeezy Gap's hearts go out to the families and communities impacted.""

An 18-year-old gunman on Tuesday fatally the deadly shooting at a Texas elementary school 19 children and two adults at an elementary school in Uvalde, Texas, before An 18-year-old gunman was killed by law enforcement officers, officials said."
cnn,cnn_12_may25,victim,"As Yeezy Gap pause, Yeezy Gap's hearts go out to the families and communities impacted.""

An 18-year-old gunman on Tuesday fatally the deadly shooting at a Texas elementary school 19 children and two adults at an elementary school in Uvalde, Texas, before An 18-year-old gunman was killed by law enforcement officers, officials said."
cnn,cnn_12_may25,victim,"Tuesday's massacre is the second-deadliest school shooting since 2012, when 26 children and adults were killed at Sandy Hook Elementary School."
cnn,cnn_12_may25,victim,"the deadly shooting at a Texas elementary school is at least the 30th shooting at a K-12 school in 2022, according to a CNN tally."
cnn,cnn_12_may25,victim,"LIVE UPDATES: Deadly shooting at Texas elementary school

Products from its Balenciaga collection had been set to launch for purchase on Wednesday morning on Yeezygap.com and Balenciaga online partners farfetch.com, mytheresa.com and luisaviaroma.com."
cnn,cnn_20_may25,shooter,"House Sergeant at Arms William J. Walker, one of the top security officials on Capitol Hill's comments come one day after a gunman murdered 21 people in a Texas elementary school."
fox,fox_3_may24,victim,"President Biden is set to address the nation after a horrific shooting in Uvalde, Texas left 14 children and one teacher dead."
fox,fox_3_may24,shooter,"Texas Governor Greg Abbott said that 14 children and one teacher from the Robb Elementary School in Uvalde, Texas died after the suspect, who Texas Governor Greg Abbott identified as local resident Salvador Romas, a shooting Robb Elementary School."
fox,fox_20,shooter,"Former FBI assistant director Chris Swecker claimed the alleged shooter of Robb Elementary School in Uvalde, Texas, was""flashing red"" ahead of the alleged shooter of Robb Elementary School in Uvalde, Texas's ""unspeakable, cowardly act"" Tuesday on ""The Ingraham Angle."
fox,fox_20,shooter,"""

Former FBI assistant director Chris Swecker: Like every mass shooter, especially the young ones, the alleged shooter of Robb Elementary School in Uvalde, Texas was flashing red, it appears, which is nosurprise… They seem to always communicate threats."
fox,fox_20,shooter,"We don't know whether anybody reported this and whether any law enforcement officer everhad any contact with the alleged shooter of Robb Elementary School in Uvalde, Texas over this."
fox,fox_9_may24,shooter,"A shooter identified as Salvador Romas a massshooting at an elementary school in Uvalde, Texas fire at an elementary school in Uvalde, Texas Tuesday, killing at least 18 students and oneteacher."
fox,fox_9_may24,shooter,A shooter identified as Salvador Romas also died.
fox,fox_9_may24,victim,"Two police officers were shot and wounded but were expected to survive, Texas Gov. Greg Abbottsaid."
fox,fox_12,shooter,"A suspected lone gunman a mass shooting at an elementary school in Uvalde, Texas, on Tuesday the lives of at least 19 children and two teachers; A suspected lone gunman has been killed, Texas Gov. GregAbbott said on Tuesday."
fox,fox_12,victim,"A suspected lone gunman a mass shooting at an elementary school in Uvalde, Texas, on Tuesday the lives of at least 19 children and two teachers; A suspected lone gunman has been killed, Texas Gov. GregAbbott said on Tuesday."
fox,fox_12,victim,"""Texans across Texas are grieving for the victims of a mass shooting at an elementary school in Uvalde, Texas, on Tuesday and for the community of Uvalde,"" Texas Gov. GregAbbott said ina statement."
fox,fox_12,victim,"""

Texas SCHOOL SHOOTING: LIVE UPDATES

The shooting on Tuesday was the deadliest shooting at an elementary school since Sandy Hook in Newtown, Connecticut, in 2012."
fox,fox_4_may24,victim,"Vice President Kamala Harris called on leaders to take action following the deadly mass shooting at an elementary school inUvalde, Texas, Tuesday."
fox,fox_4_may24,victim,"""Every time a tragedy like the deadly mass shooting at an elementary school inUvalde, Texas, Tuesday happens, our hearts break and our broken hearts are nothing compared to the broken hearts of thosefamilies,"" Vice President Kamala Harris said."
fox,fox_4_may24,victim,"Law enforcement personnel stand outside Robb Elementary School following the deadly mass shooting at an elementary school inUvalde, Texas, Tuesday, Tuesday, May 24, 2022, in Uvalde, Texas."
fox,fox_4_may24,victim,"As a nation, America have to have the courage to take action and understand the nexus between what makes forreasonable and sensible public policy to ensure something like the deadly mass shooting at an elementary school inUvalde, Texas, Tuesday never happens again,"" Vice President Kamala Harris said."
fox,fox_5_may24,shooter,The Uvalde Consolidated Independent School District (UCISD) in Texas had many security measures in place before Tuesday'smass shooting that left at least 18 students and a teacher dead after a now-deceased suspect opened fire at Robb ElementarySchool.
fox,fox_5_may24,victim,The Uvalde Consolidated Independent School District (UCISD) in Texas had many security measures in place before Tuesday'smass shooting that left at least 18 students and a teacher dead after a now-deceased suspect opened fire at Robb ElementarySchool.
fox,fox_5_may24,shooter,"a now-deceased suspect is accused of entering school grounds on Tuesday and opening fire, according Texas Gov. Greg Abbott."
fox,fox_23,victim,"After at least 19 students at Robb Elementary School in Uvalde, Texas, were killed Tuesday morning, a family member of one of thechildren killed is encouraging parents across the country to hold parents across the country's own children close, as parents across the country never know when it will be the lasttime."
fox,fox_23,victim,"""For everybody else that has kids out here, cherish these moments just like everybody else that has kids out here's parents cherished everybody else that has kids out here every day,"" Benito Martinez,
a family member of thechildren killed told Fox News."
fox,fox_23,shooter,"""a family member of one of thechildren killed is the uncle of fourth-grader Xavier Lopez, 10, who was killed when a gunman broke into Robb Elementary School in Uvalde, Texas, and fatally shot thechildren killed."
fox,fox_23,victim,"""a family member of one of thechildren killed is the uncle of fourth-grader Xavier Lopez, 10, who was killed when a gunman broke into Robb Elementary School in Uvalde, Texas, and fatally shot thechildren killed."
fox,fox_23,shooter,"Fourth-grader Xavier Lopez, 10, was killed when a gunman broke into Robb Elementary School in Uvalde, Texas on May 24, 2022."
fox,fox_23,victim,"Fourth-grader Xavier Lopez, 10, was killed when a gunman broke into Robb Elementary School in Uvalde, Texas on May 24, 2022."
fox,fox_23,victim,"""a family member of one of thechildren killed am still trying to process everything that is going on,"" a family member of one of thechildren killed said during an interview with Fox News Digital."
fox,fox_17,victim,"Two Robb Elementary School students who were missing hours after a horrific shooting at Robb Elementary School are among the 22 people whowere killed, the families say."
fox,fox_17,shooter,"Annabelle Guadalupe Rodriguez, 10, who did not make contact with her family in the hours after suspected gunman SalvadorRamos, a student of Uvalde High School, carried out suspected gunman SalvadorRamos, a student of Uvalde High School,'s shooting spree, was also among the 22 people whowere killed, her father told Fox 7Austin."
fox,fox_17,victim,"Annabelle Guadalupe Rodriguez, 10, who did not make contact with her family in the hours after suspected gunman SalvadorRamos, a student of Uvalde High School, carried out suspected gunman SalvadorRamos, a student of Uvalde High School,'s shooting spree, was also among the 22 people whowere killed, her father told Fox 7Austin."
fox,fox_6_may24,shooter,"Texas Gov. Greg Abbott identified the deceased suspect as Salvador Ramos, 18, who had a handgun and possibly a rifle when heopened fire at Robb Elementary School in Uvalde, Texas,, killing 18 students and one teacher, according to Texas Gov. Greg Abbott."
fox,fox_6_may24,victim,"Two police officers were shot andwounded but were expected to survive, Texas Gov. Greg Abbott said."
fox,fox_24,victim,"Matthew McConaughey said Tuesday that ""action must be taken"" after a shooting at an elementary school in Matthew McConaughey's hometown ofUvalde, Texas, left at least 19 children and two teachers dead."
fox,fox_10_may24,shooter,"UVALDE, Texas SCHOOL SHOOTING: 18 STUDENTS, ONE ADULT KILLED, SUSPECTED SHOOTER DEAD

It goes back to why did we not have a police officer, meaning an armed resource officer, at the front of Robb Elementary School in Uvalde, Texas?"
fox,fox_10_may24,victim,"UVALDE, Texas SCHOOL SHOOTING: 18 STUDENTS, ONE ADULT KILLED, SUSPECTED SHOOTER DEAD

It goes back to why did we not have a police officer, meaning an armed resource officer, at the front of Robb Elementary School in Uvalde, Texas?"
fox,fox_21,victim,"Andrew Pollack, who became a prominent advocate for school safety after Andrew Pollack, who became a prominent advocate for school safety after his daughter was a victim in the 2018 Parkland shooting's daughter was a victim in the 2018 Parkland shooting,
shared what could have been done to avoid the massacre at Robb Elementary School in Uvalde, Texas, Tuesday on ""TheIngraham Angle."
fox,fox_21,victim,"""

Andrew Pollack, who became a prominent advocate for school safety after his daughter was a victim in the 2018 Parkland shooting: Andrew Pollack, who became a prominent advocate for school safety after his daughter was a victim in the 2018 Parkland shooting'm so angry that Andrew Pollack, who became a prominent advocate for school safety after his daughter was a victim in the 2018 Parkland shooting'm practically shaking right now at what happened — what these parents have to deal with."
fox,fox_21,victim,"And just thinking that Andrew Pollack, who became a prominent advocate for school safety after his daughter was a victim in the 2018 Parkland shooting's daughter was murdered and we put a commission in Florida together to look into all the failures."
fox,fox_21,shooter,WHO IS THE Texas SCHOOL SHOOTER?
fox,fox_21,victim,"And this district in Texas didn't learn anything about what happened with Andrew Pollack, who became a prominent advocate for school safety after his daughter was a victim in the 2018 Parkland shooting's daughter."
fox,fox_21,shooter,"How hard could it be that a single point ofentry and armed policemen or highly trained teachers at Robb Elementary School in Uvalde, Texas, even at a single point of entry, would prevent the 2018 Parkland shooting."
fox,fox_21,victim,"And it justangers Andrew Pollack, who became a prominent advocate for school safety after his daughter was a victim in the 2018 Parkland shooting."
fox,fox_22,shooter,"A mass shooting at a Texas elementary school Tuesday left at least 19 children and two teachers dead after anarmed 18-year-old entered the campus, barricaded anarmed 18-year-old in a classroom and opened fire."
fox,fox_22,victim,"A mass shooting at a Texas elementary school Tuesday left at least 19 children and two teachers dead after anarmed 18-year-old entered the campus, barricaded anarmed 18-year-old in a classroom and opened fire."
fox,fox_22,shooter,"anarmed 18-year-old has been identified by authorities as 18-year-old Uvalde, Texas, resident Salvador Ramos."
fox,fox_22,victim,"A state trooper walks past the a Texas elementary school sign in Uvalde, Texas, Tuesday, May 24, 2022, following a deadly shooting at a Texas elementary school."
fox,fox_22,victim,"A mass casualty incident, later discovered to be A mass shooting at a Texas elementary school Tuesday, takes place at Robb Elementary School in Uvalde, Texas, that servessecond through fourth graders."
fox,fox_22,victim,"a Texas elementary school says a Texas elementary school has locked down because of ""gunshots in the area."
fox,fox_22,shooter,"""

Local police received a call about ""a crashed vehicle and anarmed 18-year-old making anarmed 18-year-old's way into a Texas elementary school,"" DPS Lt.
Chris Olivarez told ""Fox & Friends"" on Wednesday."
fox,fox_8_may24,shooter,"Former FBI deputy assistant director Danny Coulson advocated for armed police officers in schools in the wake of the shooting atRobb Elementary School in Uvalde, Texas, Tuesday on ""Jesse Watters Primetime."
fox,fox_8_may24,shooter,Something much better than that is to have armed police officers inside the school protecting our kids.
fox,fox_8_may24,shooter,"And frankly, Former FBI deputy assistant director Danny Coulson'm a lot afraid. 

UVALDE, Texas SCHOOL SHOOTING: 18 STUDENTS, ONE ADULT KILLED, SUSPECTED SHOOTER DEAD

I was in the business of rescuing people from situations like this."
fox,fox_8_may24,victim,"And frankly, Former FBI deputy assistant director Danny Coulson'm a lot afraid. 

UVALDE, Texas SCHOOL SHOOTING: 18 STUDENTS, ONE ADULT KILLED, SUSPECTED SHOOTER DEAD

I was in the business of rescuing people from situations like this."
fox,fox_19,victim,"President Biden appeared on camera tonight for less than eight minutes,
not because President Biden believed that President Biden's words would comfort the families or the friends of the victims."
fox,fox_19,victim,"President Biden spoke tonight because politics is selfish, because in today's twisted world, it's consideredperfectly appropriate to exploit the massacre of the victims in order to try to turn around your own sagging poll numbers."
fox,fox_7_may24,shooter,"UVALDE, Texas SCHOOL SHOOTING: 14 STUDENTS, ONE TEACHER KILLED, SUSPECTED SHOOTER DEAD, GOV."
fox,fox_7_may24,victim,"UVALDE, Texas SCHOOL SHOOTING: 14 STUDENTS, ONE TEACHER KILLED, SUSPECTED SHOOTER DEAD, GOV."
fox,fox_2_may24,shooter,"There were 61 active shooter incidents reported in the U.S. in 2021 – a nearly 53% increase, or a jump of 21 events, from 2020, theFBI has found."
fox,fox_2_may24,shooter,"There were 52.5% more active shooter incidents between 2020 and 2021, and 33% more from 2019 to 2020, according to an FBIreport released Monday, titled ""Active Shooter Incidents in the U.S. in 2021."
fox,fox_2_may24,shooter,"""

an FBIreport released Monday, titled ""Active Shooter Incidents in the United States in 2021 was released just over a week after upstate New York man Payton Gendron, 18, allegedly unleashed a racially motivedattack on May 15, when upstate New York man Payton Gendron, 18, opened fire at a busy Tops Friendly Markets store in Buffalo, N.Y. upstate New York man Payton Gendron, 18, killed 10 people andwounded three others, officials have said."
fox,fox_2_may24,victim,"""

an FBIreport released Monday, titled ""Active Shooter Incidents in the United States in 2021 was released just over a week after upstate New York man Payton Gendron, 18, allegedly unleashed a racially motivedattack on May 15, when upstate New York man Payton Gendron, 18, opened fire at a busy Tops Friendly Markets store in Buffalo, N.Y. upstate New York man Payton Gendron, 18, killed 10 people andwounded three others, officials have said."
fox,fox_2_may24,shooter,"The May 15, when he opened fire at a busy Tops Friendly Markets store in Buffalo, N.Y. massacre is not included in theFBI's recent report, which examines statistics only from 2021 and earlier."
fox,fox_2_may24,shooter,"The bureaudefined an ""active shooter"" as being ""one or more individuals actively engaged in killing or attempting to kill people in a populatedarea."""
fox,fox_18,shooter,"The suspect in the Uvalde, Texas school shooting, Salvador Ramos, was 18."
fox,fox_15,victim,"People react following a deadly school shooting in Uvalde, Texas (AP/Dario Lopez-Mills)"
fox,fox_1_may24,shooter,"A mass shooting at a Texas elementary school killed 19 children and two teachers Tuesday and the suspected gunman was killed,Gov. Greg Abbott said."
fox,fox_1_may24,victim,"A mass shooting at a Texas elementary school killed 19 children and two teachers Tuesday and the suspected gunman was killed,Gov. Greg Abbott said."
fox,fox_1_may24,shooter,"Gov. Greg Abbott identified the suspected gunman as Salvador Ramos, a the community of Uvalde resident, who is also dead and acted alone, authorities said."
fox,fox_1_may24,victim,"Gov. Greg Abbott identified the suspected gunman as Salvador Ramos, a the community of Uvalde resident, who is also dead and acted alone, authorities said."
fox,fox_1_may24,shooter,"the suspected gunman had ahandgun and possibly a rifle when the suspected gunman A mass shooting at a Texas elementary school fire at a Texas elementary school, Gov. Greg Abbott said."
fox,fox_1_may24,victim,"Two police officers were shot and woundedbut were expected to survive, Gov. Greg Abbott said."
fox,fox_1_may24,victim,"�
""Texans across Texas are grieving for the victims of A mass shooting at a Texas elementary school and for the community of Uvalde."
fox,fox_1_may24,shooter,"�
the suspected gunman was likely killed by responding officers, but the investigation was still ongoing, authorities said."
fox,fox_1_may24,victim,"�
the suspected gunman was likely killed by responding officers, but the investigation was still ongoing, authorities said."
fox,fox_16,victim,"Lieutenant Gov. Dan Patrick reflected on the Texas elementary school shooting that left at least 19 children dead Tuesday on""Tucker Carlson Tonight."
fox,fox_16,victim,"""

DAN PATRICK: Tucker, since Lieutenant Gov. Dan Patrick was elected back with Greg Abbott back in 2014, the Texas elementary school shooting that left at least 19 children dead is now the fourth major mass shooting thatwe've had."
fox,fox_16,victim,"And Ithink when crimes like the Texas elementary school shooting that left at least 19 children dead happen, crimes like this is pure evil, that crimes like this impacts a whole nation."
fox,fox_16,shooter,"UVALDE, Texas SCHOOL SHOOTING: at least 19 children KILLED, SUSPECTED SHOOTER DEAD 

Every parent, every grandparent that has a child envisions what Every parent, every grandparent that has a child would feel if it happened to Every parent, every grandparent that has a child."
fox,fox_16,victim,"UVALDE, Texas SCHOOL SHOOTING: at least 19 children KILLED, SUSPECTED SHOOTER DEAD 

Every parent, every grandparent that has a child envisions what Every parent, every grandparent that has a child would feel if it happened to Every parent, every grandparent that has a child."
fox,fox_13,shooter,"Salvador Ramos, the alleged gunman accused of shooting Salvador Ramos's grandmother and then targeting dozens of victims – ultimately killing19 children and two adults – at a Texas elementary school was known to be a loner who had quit Salvador Ramos's job just weeks beforeunleashing Salvador Ramos's attack, Fox News has learned. 

Ramos, an 18-year-old Uvalde, Texas, resident, legally purchased two AR-platform rifles on May 17 and May 20, and bought 375rounds of ammunition on May 18, Texas Sen. John Whitmire told Fox affiliate KCPQ-TV, citing a briefing from the Bureau ofAlcohol, Tobacco, Firearms and Explosives."
fox,fox_13,victim,"Salvador Ramos, the alleged gunman accused of shooting Salvador Ramos's grandmother and then targeting dozens of victims – ultimately killing19 children and two adults – at a Texas elementary school was known to be a loner who had quit Salvador Ramos's job just weeks beforeunleashing Salvador Ramos's attack, Fox News has learned. 

Ramos, an 18-year-old Uvalde, Texas, resident, legally purchased two AR-platform rifles on May 17 and May 20, and bought 375rounds of ammunition on May 18, Texas Sen. John Whitmire told Fox affiliate KCPQ-TV, citing a briefing from the Bureau ofAlcohol, Tobacco, Firearms and Explosives."
fox,fox_13,shooter,"Salvador Ramos Texas school shooter

Salvador Ramos suspected vehicle crash before Uvalde, Texas, Texas elementary school shooting

A police vehicle is seen parked near of a truck believed to belong to the suspect of a shooting at Robb Elementary School in Uvalde, Texas, onTuesday, May 24."
fox,fox_13,victim,"(Reuters/Marco Bello)


On Tuesday, Salvador Ramos was involved in a domestic disturbance with Salvador Ramos's grandmother at Salvador Ramos's grandparents’ Uvalde, Texas, home, when Salvador Ramos shotthe woman in the face and seriously injured his grandmother before fleeing, according to authorities."
nyt,nyt_14_may26,victim,"Within the past two weeks, the country saw the two deadliest mass shootings of the year, which authorities say were both committed by 18-year-olds using semiautomatic firearms."
nyt,nyt_14_may26,shooter,But the motive for the Buffalo attack appears clear from the online screed left by the shooting suspect.
nyt,nyt_14_may26,shooter,"Influenced by the so-called great replacement theory, the shooting suspect sought to kill as many Black people as the shooting suspect could."
nyt,nyt_14_may26,victim,"Permissive gun laws and easy access to firearms subject the population to the constant threat of mass shootings like the one in Uvalde, Texas, where 19 children and two teachers were fatally shot."
nyt,nyt_19_may26,shooter,"Rumors about the gunman and what had taken place spread widely online -- often with easily debunked evidence or none at all -- almost immediately after the first official reports about the deadly school shooting in Uvalde, Texas."
nyt,nyt_19_may26,victim,"Rumors about the gunman and what had taken place spread widely online -- often with easily debunked evidence or none at all -- almost immediately after the first official reports about the deadly school shooting in Uvalde, Texas."
nyt,nyt_19_may26,victim,"No, the deadly school shooting in Uvalde, Texas was not a staged 'false flag' operation."
nyt,nyt_19_may26,victim,"Hours after the deadly school shooting in Uvalde, Texas, far-right figures spread misinformation claiming that the deadly school shooting in Uvalde, Texas was a ''false flag'' attack."
nyt,nyt_19_may26,victim,"Among far-right figures's unfounded claims were that the deadly school shooting in Uvalde, Texas had been orchestrated to draw local law enforcement away from the border, allowing criminals and drugs to cross into the United States, and that gun-control advocates had organized the deadly school shooting in Uvalde, Texas to stoke public outrage."
nyt,nyt_19_may26,victim,The two teachers who were killed were also accused of being crisis actors.
nyt,nyt_21_may26,victim,"Xavier Lopez, 10, made the honor roll on the day Xavier Lopez, 10, was killed."
nyt,nyt_21_may26,shooter,"Xavier Lopez, 10,'s classroom, where a nightmare erupted when a gunman burst in and the shooting 19 children and two teachers, reflected the close-knit character of Uvalde, a Mexican American ranching town in southern Texas where lives are braided together by generations of friendships and marriage."
nyt,nyt_21_may26,victim,"There was Xavier Lopez, 10, and Xavier Lopez, 10,'s elementary-school sweetheart, who was also killed in the shooting."
nyt,nyt_9_may26,shooter,"When 20 elementary school children were the slaughter of 20 elementary school children by a gunman in Uvalde, Texas, on Tuesday, Joseph R. Biden Jr. repeated Joseph R. Biden Jr.'s own call for the government to do something, decrying ''another massacre'' and insisting that it was ''time to turn this pain into action.''"
nyt,nyt_16_may26,shooter,"As the nation reels from a massacre at a Texas elementary school in which a gunman killed 19 children and two teachers, a review of Republican and Democratic advertising during the first months of 2022 highlights the giant cultural chasm over guns in the nation."
nyt,nyt_16_may26,victim,"As the nation reels from a massacre at a Texas elementary school in which a gunman killed 19 children and two teachers, a review of Republican and Democratic advertising during the first months of 2022 highlights the giant cultural chasm over guns in the nation."
nyt,nyt_18_may26,shooter,"The gunman who the attack 19 children and two teachers in a rural Texas elementary school on Tuesday entered a rural Texas elementary school despite being confronted by an armed school security officer, then wounded two responding police officers and engaged in a standoff inside a rural Texas elementary school for over an hour, state police officials said."
nyt,nyt_18_may26,victim,"The gunman who the attack 19 children and two teachers in a rural Texas elementary school on Tuesday entered a rural Texas elementary school despite being confronted by an armed school security officer, then wounded two responding police officers and engaged in a standoff inside a rural Texas elementary school for over an hour, state police officials said."
nyt,nyt_18_may26,shooter,"What began around 11:30 a.m., with the first report of an armed man approaching a rural Texas elementary school, ended as two responding police officers breached a pair of adjoining classrooms and killed The gunman who killed 19 children and two teachers in a rural Texas elementary school on Tuesday just after 1 p.m., state police officials said."
nyt,nyt_18_may26,victim,"What began around 11:30 a.m., with the first report of an armed man approaching a rural Texas elementary school, ended as two responding police officers breached a pair of adjoining classrooms and killed The gunman who killed 19 children and two teachers in a rural Texas elementary school on Tuesday just after 1 p.m., state police officials said."
nyt,nyt_18_may26,victim,"It was not known how many were killed in the first minutes of the massacre, which was the deadliest in an American school since 20 children and six educators were shot to death at Sandy Hook Elementary School in Newtown, Conn., in 2012."
nyt,nyt_18_may26,shooter,But officials said that two responding police officers had successfully contained The gunman who killed 19 children and two teachers in a rural Texas elementary school on Tuesday until more specially trained officers could arrive.
nyt,nyt_18_may26,victim,But officials said that two responding police officers had successfully contained The gunman who killed 19 children and two teachers in a rural Texas elementary school on Tuesday until more specially trained officers could arrive.
nyt,nyt_4_may25,victim,"Even as Republican senators publicly mourned the massacre that killed 19 children and two adults on Tuesday, Republican senators gave little indication that Republican senators's positions had changed."
nyt,nyt_4_may25,victim,"And in any case, many were clamoring to force Republicans to go on the record on proposals that polls show have overwhelming support among Americans at a time when grief and anger about gun violence in America has erupted anew following Tuesday's massacre and a recent mass shooting that killed 10 at a Buffalo supermarket.

''"
nyt,nyt_15_may26,victim,"her 9-year-old granddaughter, Victoria was sitting on her 9-year-old granddaughter, Victoria's own bed, which was covered in stuffed animals; her 9-year-old granddaughter, Victoria had already seen on the evening news that children her 9-year-old granddaughter, Victoria's age had been killed in the massacre in Uvalde, Tex.."
nyt,nyt_15_may26,victim,"To take your child to school, and then come back to see your child dead, it's not fair."
nyt,nyt_25_may27,victim,"Today, mine am talking about the 19 dead students and two teachers in Uvalde, Texas -- one of the deadliest school shootings in U.S. history."
nyt,nyt_25_may27,victim,"A few hours after one of the deadliest school shootings in U.S. history, Texas Republicans suggested arming teachers at schools."
nyt,nyt_25_may27,shooter,"It is hard to imagine mine's fourth-grade teacher, Mrs. Sims, armed."
nyt,nyt_25_may27,shooter,"Trained police officers in Uvalde, Texas were no match because the shooter had comparable weaponry."
nyt,nyt_1_may25,victim,"Nearly a decade later, while watching the death toll rise after Tuesday's shooting at Robb Elementary School in Uvalde, Tex., one father of a Sandy Hook Elementary School in Newtown, Conn. victim felt defeated."
nyt,nyt_1_may25,victim,"''one father of a Sandy Hook victim guess it's something in society we know will happen again, over and over,'' said Neil Heslin, whose son Jesse Lewis, 6, died in the shooting in 2012."
nyt,nyt_1_may25,victim,one father of a Sandy Hook victim said one father of a Sandy Hook victim ''felt compelled'' to watch the coverage. ''
nyt,nyt_1_may25,victim,"the coverage's almost like an instant replay of Sandy Hook Elementary School in Newtown, Conn.,'' one father of a Sandy Hook victim said."
nyt,nyt_23_may27,shooter,"I imagined the pain that parents in Uvalde, Texas, feel this morning when I arrived one day to pick up my older daughter, then not even 2 years old, from day care in Washington, D.C., and found that they were conducting an active shooter drill with two young children."
nyt,nyt_23_may27,shooter,"my older daughter, then not even 2 years old's teachers explained that Her teachers were training two young children to hide in a small dark room and not make a sound, so that if one day the worst happened, the shooter might not realize two young children were there."
nyt,nyt_23_may27,victim,"A few years earlier, when my husband, then a teacher in a public school, texted me that they were locked down because of a reported shooting in the building, I imagined my husband, then a teacher in a public school being killed, or being helpless to save my husband, then a teacher in a public school's students."
nyt,nyt_13_may26,victim,"On Wednesday, the day after a deadly shooting at an elementary school in Uvalde, Texas, prices for major gun-related stocks rose after a subdued start."
nyt,nyt_13_may26,victim,"The gun industry has perverse incentives,'' said Dru Stevenson, a professor at South Texas College of Law in Houston, ''because sales and sales's stocks go up when there are events like a deadly shooting at an elementary school in Uvalde, Texas,.''"
nyt,nyt_24_may27,shooter,"On Tuesday, an 18-year-old gunman the Robb Elementary School shooting fire at Robb Elementary School in Uvalde, Texas, a rural town about 80 miles west of San Antonio, killing 19 children and two teachers, and wounding several other children."
nyt,nyt_24_may27,victim,"Two local funeral homes, Hillcrest Memorial Funeral Home and Rushing-Estes-Knowles Mortuary, said in social media posts that Two local funeral homes, Hillcrest Memorial Funeral Home and Rushing-Estes-Knowles Mortuary would not charge families of victims for families of victims's funeral services."
nyt,nyt_24_may27,victim,"Among verified fund-raisers for people affected by the Robb Elementary School shooting is VictimsFirst, a network of families of the deceased and survivors of previous mass shootings."
nyt,nyt_2_may25,shooter,A gunman The slayings at least 19 children and two adults on Tuesday in a rural Texas elementary school
nyt,nyt_2_may25,victim,", a state police official said, in the deadliest American school shooting since the massacre at Sandy Hook Elementary a decade ago."
nyt,nyt_2_may25,victim,"At least one teacher was among at least 19 children and two adults, and several other children were wounded."
nyt,nyt_2_may25,shooter,"A gunman was armed with several weapons, officials said."
nyt,nyt_2_may25,shooter,"A gunman also died at the scene, officials said.

''"
nyt,nyt_2_may25,shooter,"A gunman shot and killed horrifically, incomprehensibly,'' Gov. Greg Abbott said in a news conference."
nyt,nyt_2_may25,victim,"A gunman shot and killed horrifically, incomprehensibly,'' Gov. Greg Abbott said in a news conference."
nyt,nyt_2_may25,victim,"As terrified parents in Uvalde, a small city west of San Antonio, waited for word of terrified parents in Uvalde's children's safety and law enforcement officials raced to piece together how the deadliest American school shooting since the massacre at Sandy Hook Elementary a decade ago had transpired, the deadliest American school shooting since the massacre at Sandy Hook Elementary a decade ago was deepening a national political debate over gun laws and the prevalence of weapons."
nyt,nyt_2_may25,shooter,"Ten days earlier, a gunman fatally shot 10 people inside a Buffalo grocery store."
nyt,nyt_2_may25,victim,"Ten days earlier, a gunman fatally shot 10 people inside a Buffalo grocery store."
nyt,nyt_5_may25,victim,"The massacre in which 14 children and a teacher were killed at an elementary school in Uvalde, Texas, on May 24 was the deadliest mass shooting in the United States so far this year."
nyt,nyt_5_may25,victim,"The massacre in which 14 children and a teacher were killed at an elementary school in Uvalde, Texas, on May 24 happened just 10 days after 10 people were shot and killed in a supermarket in Buffalo."
nyt,nyt_5_may25,victim,"The Gun Violence Archive, a nonprofit organization, counted at least 215 such shootings, defined as one in which four or more people were killed or injured, through mid-May."
nyt,nyt_5_may25,victim,"Of at least 215 such shootings, defined as one in which four or more people were killed or injured, through mid-May, 10 involved four or more fatalities."
nyt,nyt_5_may25,shooter,"A gunman walked into an elementary school in Uvalde, Texas, and killed 14 children and a teacher, Gov. Greg Abbott of Texas said at a news conference shortly after The massacre in which 14 children and a teacher were killed at an elementary school in Uvalde, Texas, on May 24."
nyt,nyt_5_may25,victim,"A gunman walked into an elementary school in Uvalde, Texas, and killed 14 children and a teacher, Gov. Greg Abbott of Texas said at a news conference shortly after The massacre in which 14 children and a teacher were killed at an elementary school in Uvalde, Texas, on May 24."
nyt,nyt_6_may25,shooter,"The gunman who the attack 19 children and two teachers in a rural Texas elementary school on Tuesday entered a rural Texas elementary school despite being confronted by an armed school security officer, then wounded two responding police officers and engaged in a standoff inside a rural Texas elementary school for over an hour, state police officials said."
nyt,nyt_6_may25,victim,"The gunman who the attack 19 children and two teachers in a rural Texas elementary school on Tuesday entered a rural Texas elementary school despite being confronted by an armed school security officer, then wounded two responding police officers and engaged in a standoff inside a rural Texas elementary school for over an hour, state police officials said."
nyt,nyt_6_may25,shooter,"What began around 11:30 a.m., with the first report of an armed man approaching a rural Texas elementary school, ended as two responding police officers breached a pair of adjoining classrooms and killed The gunman who killed 19 children and two teachers in a rural Texas elementary school on Tuesday just after 1 p.m., state police officials said."
nyt,nyt_6_may25,victim,"What began around 11:30 a.m., with the first report of an armed man approaching a rural Texas elementary school, ended as two responding police officers breached a pair of adjoining classrooms and killed The gunman who killed 19 children and two teachers in a rural Texas elementary school on Tuesday just after 1 p.m., state police officials said."
nyt,nyt_6_may25,victim,"It was not known how many were killed in the first minutes of the massacre, which was the deadliest in an American school since 20 children and six educators were shot to death at Sandy Hook Elementary School in Newtown, Conn., in 2012."
nyt,nyt_6_may25,shooter,But officials said that two responding police officers had successfully contained The gunman who killed 19 children and two teachers in a rural Texas elementary school on Tuesday until more specially trained officers could arrive.
nyt,nyt_6_may25,victim,But officials said that two responding police officers had successfully contained The gunman who killed 19 children and two teachers in a rural Texas elementary school on Tuesday until more specially trained officers could arrive.
nyt,nyt_11_may26,shooter,"Hours after the worst school shooting in a decade took place in Senator Ted Cruz of Texas's home state, Senator Ted Cruz of Texas acknowledged that there were ''way too many of these horrific mass murders'' and suggested a possible solution: putting armed law enforcement on campuses."
nyt,nyt_11_may26,shooter,"In the aftermath of Tuesday's school massacre in Uvalde, Texas, where an 18-year-old gunman killed 19 children and two teachers, Senator Ted Cruz of Texas remained unapologetic in Senator Ted Cruz of Texas's broad opposition to gun control measures."
nyt,nyt_11_may26,victim,"In the aftermath of Tuesday's school massacre in Uvalde, Texas, where an 18-year-old gunman killed 19 children and two teachers, Senator Ted Cruz of Texas remained unapologetic in Senator Ted Cruz of Texas's broad opposition to gun control measures."
nyt,nyt_20_may26,victim,"And now 19 elementary school students killed in Uvalde, Texas."
nyt,nyt_20_may26,victim,"The next day another angry man walked into a Presbyterian church in Laguna Woods, California, and killed one person and wounded five others."
nyt,nyt_20_may26,victim,"The misery mounts, and yet nothing changes, leaving Americans with little more to do than keep lists, mental spreadsheets of death that treat events like Uvalde, Texas as just another morbid tally with superlatives like ''second-deadliest shooting in an elementary school.''"
nyt,nyt_20_may26,victim,"Each event evokes some atrocity from the past, the exact details of each shooting growing more indistinct by the year: The latest death toll of 21 at Robb Elementary School in Texas surpasses the shooting in Parkland, Fla., in 2018, when 17 people were killed."
nyt,nyt_20_may26,victim,"The latest death toll of 21 at Robb Elementary School in Texas falls short of the deadliest school shooting -- 26 people killed at Sandy Hook in Newtown, Conn."
wsj,wsj_6_may26,shooter,"The gunman who killed 19 students and two teachers in an elementary school here had a confrontation with an armed security guard before getting into an elementary school here and sent a private Facebook message about The gunman who killed 19 students and two teachers in an elementary school here's intention to commit the mass shooting minutes before driving there, officials said Wednesday."
wsj,wsj_6_may26,victim,"The gunman who killed 19 students and two teachers in an elementary school here had a confrontation with an armed security guard before getting into an elementary school here and sent a private Facebook message about The gunman who killed 19 students and two teachers in an elementary school here's intention to commit the mass shooting minutes before driving there, officials said Wednesday."
wsj,wsj_6_may26,shooter,"The gunman who killed 19 students and two teachers in an elementary school here wrote on Facebook Tuesday morning to a teenage girl overseas that The gunman who killed 19 students and two teachers in an elementary school here was going to shoot The gunman who killed 19 students and two teachers in an elementary school here's grandmother, and then said The gunman who killed 19 students and two teachers in an elementary school here had shot his grandmother after doing so, according to Texas Gov. Greg Abbott and a law-enforcement official with knowledge of the investigation."
wsj,wsj_6_may26,victim,"The gunman who killed 19 students and two teachers in an elementary school here wrote on Facebook Tuesday morning to a teenage girl overseas that The gunman who killed 19 students and two teachers in an elementary school here was going to shoot The gunman who killed 19 students and two teachers in an elementary school here's grandmother, and then said The gunman who killed 19 students and two teachers in an elementary school here had shot his grandmother after doing so, according to Texas Gov. Greg Abbott and a law-enforcement official with knowledge of the investigation."
wsj,wsj_6_may26,shooter,"Less than 15 minutes before arriving at an elementary school here, The gunman who killed 19 students and two teachers in an elementary school here wrote that The gunman who killed 19 students and two teachers in an elementary school here was going to go ""shoot up an elementary school,"" Texas Gov. Greg Abbott and a law-enforcement official with knowledge of the investigation said."
wsj,wsj_6_may26,victim,"Less than 15 minutes before arriving at an elementary school here, The gunman who killed 19 students and two teachers in an elementary school here wrote that The gunman who killed 19 students and two teachers in an elementary school here was going to go ""shoot up an elementary school,"" Texas Gov. Greg Abbott and a law-enforcement official with knowledge of the investigation said."
wsj,wsj_6_may26,shooter,"The gunman who killed 19 students and two teachers in an elementary school here ultimately barricaded The gunman who killed 19 students and two teachers in an elementary school here in a two-room fourth-grade classroom that 19 students and two teachers shared, law-enforcement officials said, and was killed there Tuesday after a shootout with an elite team of Border Patrol agents."
wsj,wsj_6_may26,victim,"The gunman who killed 19 students and two teachers in an elementary school here ultimately barricaded The gunman who killed 19 students and two teachers in an elementary school here in a two-room fourth-grade classroom that 19 students and two teachers shared, law-enforcement officials said, and was killed there Tuesday after a shootout with an elite team of Border Patrol agents."
wsj,wsj_7_may26,victim,"The National Rifle Association's's annual meeting is set to begin Friday in Houston, days after the deadly school shooting in Uvalde, Texas, drawing criticism from gun-control advocates and others."
wsj,wsj_7_may26,victim,"""As The National Rifle Association's gather in Houston, The National Rifle Association's will reflect on these events, pray for the victims, recognize The National Rifle Association's's patriotic members and pledge to redouble The National Rifle Association's's commitment to making our schools secure,"" The National Rifle Association's said Wednesday."
wsj,wsj_25_may27,shooter,"Local residents voiced anger about the time it took to end the mass shooting at an Uvalde, Texas, elementary school, as police laid out a fresh timeline that showed the gunman entered an Uvalde, Texas, elementary school unobstructed after lingering outside for 12 minutes firing shots."
wsj,wsj_25_may27,victim,"Local residents voiced anger about the time it took to end the mass shooting at an Uvalde, Texas, elementary school, as police laid out a fresh timeline that showed the gunman entered an Uvalde, Texas, elementary school unobstructed after lingering outside for 12 minutes firing shots."
wsj,wsj_2_may26,shooter,"The Border Patrol agent who killed the mass shooter at an elementary school here Tuesday belonged to a small, elite team that has a presence in this town and responded to calls about the incident on local police radio."
wsj,wsj_2_may26,victim,"The Border Patrol agent who killed the mass shooter at an elementary school here Tuesday belonged to a small, elite team that has a presence in this town and responded to calls about the incident on local police radio."
wsj,wsj_2_may26,shooter,"The Border Patrol agent who killed the mass shooter at an elementary school here Tuesday and two colleagues who confronted the mass shooter at an elementary school here Tuesday belong to the Border Patrol Tactical Unit, known as Bortac."
wsj,wsj_2_may26,victim,"The Border Patrol agent who killed the mass shooter at an elementary school here Tuesday and two colleagues who confronted the mass shooter at an elementary school here Tuesday belong to the Border Patrol Tactical Unit, known as Bortac."
wsj,wsj_2_may26,shooter,"Initially, the a small, elite team that has a presence in this town and responded to calls about the incident on local police radio agents couldn't get into the classroom where the mass shooter at an elementary school here Tuesday locked the mass shooter at an elementary school here Tuesday because of a steel door and cinder block construction."
wsj,wsj_2_may26,shooter,"Its roughly 240 agents got a master key from the principal and entered the classroom where the shooter locked himself because of a steel door and cinder block construction, the officials said."
wsj,wsj_2_may26,victim,"One a small, elite team that has a presence in this town and responded to calls about the incident on local police radio agent took rounds to Its roughly 240 agents's shield upon entering and a second was wounded by shrapnel."
wsj,wsj_2_may26,shooter,A third killed the mass shooter at an elementary school here Tuesday.
wsj,wsj_2_may26,victim,A third killed the mass shooter at an elementary school here Tuesday.
wsj,wsj_16_may26,shooter,"The gunman who the mass shooting 19 students and two teachers at an elementary school in Uvalde, Texas, had a confrontation with an armed security guard before getting into the building and sent a private Facebook message about The gunman who killed 19 students and two teachers at an elementary school in Uvalde, Texas,'s intention to commit the mass shooting minutes before driving there, officials said."
wsj,wsj_16_may26,victim,"The gunman who the mass shooting 19 students and two teachers at an elementary school in Uvalde, Texas, had a confrontation with an armed security guard before getting into the building and sent a private Facebook message about The gunman who killed 19 students and two teachers at an elementary school in Uvalde, Texas,'s intention to commit the mass shooting minutes before driving there, officials said."
wsj,wsj_16_may26,victim,"An Iranian Revolutionary Guard officer who was shot dead in Tehran on Sunday led Iranian Revolutionary Guard's efforts to assassinate opponents of Iran around the world, according to people familiar with the matter."
wsj,wsj_16_may26,shooter,"Iran secured access to secret U.N. atomic agency reports almost two decades ago that helped Iran conceal suspected past work on nuclear weapons, according to Middle East intelligence officials and documents reviewed by The Wall Street Journal."
wsj,wsj_23_may31,victim,"Rolando Rodriguez had few words to describe how Rolando Rodriguez was feeling as Rolando Rodriguez turned out Monday to some of the first of the funeral events for the 21 victims, including Rolando Rodriguez's grandson, the shooting down in their elementary school last week."
wsj,wsj_23_may31,victim,"some of the first of the funeral events for the 21 victims, including his grandson, gunned down in their elementary school last week began in Uvalde on Monday, the final day of a scorching holiday weekend marked by anger and despair, as townspeople continued to grapple with the impact of the violence and unanswered questions surrounding the law-enforcement response to the shooting."
wsj,wsj_23_may31,victim,"Ultimately, the 21 victims, including his grandson, gunned down in their elementary school last week were killed."
wsj,wsj_10_may27,shooter,"Local residents voiced anger Thursday about the time it took to end the mass shooting at an elementary school here, as police laid out a fresh timeline that showed the gunman entered an elementary school here unobstructed after lingering outside for 12 minutes firing shots."
wsj,wsj_10_may27,victim,"Local residents voiced anger Thursday about the time it took to end the mass shooting at an elementary school here, as police laid out a fresh timeline that showed the gunman entered an elementary school here unobstructed after lingering outside for 12 minutes firing shots."
wsj,wsj_10_may27,shooter,"Victor Escalon, a regional director for the Texas Department of Public Safety, gave a new timeline of how the gunman walked into an elementary school here, barricaded the gunman in a classroom and killed 19 children and two teachers."
wsj,wsj_10_may27,victim,"Victor Escalon, a regional director for the Texas Department of Public Safety, gave a new timeline of how the gunman walked into an elementary school here, barricaded the gunman in a classroom and killed 19 children and two teachers."
wsj,wsj_10_may27,shooter,"Victor Escalon, a regional director for the Texas Department of Public Safety, said Victor Escalon, a regional director for the Texas Department of Public Safety, couldn't say why no one stopped the gunman from entering an elementary school here during the time it took to end the mass shooting at an elementary school here."
wsj,wsj_10_may27,shooter,"Most of the shots the gunman fired came during the first several minutes after the gunman entered an elementary school here, Victor Escalon, a regional director for the Texas Department of Public Safety, said."
wsj,wsj_10_may27,victim,"Most of the shots the gunman fired came during the first several minutes after the gunman entered an elementary school here, Victor Escalon, a regional director for the Texas Department of Public Safety, said."
wsj,wsj_10_may27,shooter,"People who arrived at an elementary school here while the gunman locked the gunman in a classroom, or who saw videos of police waiting outside, were furious."
wsj,wsj_24_may31,victim,"Funeral events began in Uvalde, Texas, for the 21 victims of a local elementary-school shooting last week as townspeople continued to grapple with the impact of the violence and unanswered questions about law enforcement's response to a local elementary-school shooting last week."
wsj,wsj_15_may28,shooter,"Police who responded to the mass shooting at an Uvalde, Texas, elementary school waited around an hour to enter the classroom where the gunman had locked the gunman because a commander on scene incorrectly thought no lives were at risk, the director of the Texas Department of Public Safety said."
wsj,wsj_4_may26,victim,Rojelio Torres was among the 19 children killed this week at Robb Elementary School in the deadliest school shooting in a decade.
wsj,wsj_4_may26,shooter,"When a gunman the deadliest school shooting in a decade fire Tuesday in a classroom using a semiautomatic weapon, killing 19 children and two teachers, a gunman sent tragedy ricocheting through this normally sleepy town an hour from the Mexican border."
wsj,wsj_4_may26,victim,"When a gunman the deadliest school shooting in a decade fire Tuesday in a classroom using a semiautomatic weapon, killing 19 children and two teachers, a gunman sent tragedy ricocheting through this normally sleepy town an hour from the Mexican border."
wsj,wsj_4_may26,victim,"Polly Flores lost two nieces in the deadliest school shooting in a decade, Jackie Cazares and Annabell Rodriguez."
wsj,wsj_9_may27,shooter,"The killing of 19 children and two teachers at an elementary school in Uvalde Texas, makes this year the third most deadly for active school-shooter events going back to 1970."
wsj,wsj_9_may27,victim,"The killing of 19 children and two teachers at an elementary school in Uvalde Texas, makes this year the third most deadly for active school-shooter events going back to 1970."
wsj,wsj_9_may27,victim,"Since then, 188 people have been killed in school shootings."
wsj,wsj_9_may27,victim,"With the current death toll, The killing of 19 children and two teachers at an elementary school in Uvalde Texas is the deadliest at a U.S. school since the one in 2012 at Sandy Hook Elementary School in Newtown, Conn., where 20 children and six staff members died."
wsj,wsj_9_may27,victim,"In 2018, an attack at a high school in Parkland, Fla., left 17 students and staff dead."
wsj,wsj_13_may28,shooter,"Salvador Ramos, the 18-year-old identified by authorities as the shooter, had legally purchased two AR-15 style semiautomatic weapons within a week of Salvador Ramos, the 18-year-old identified by authorities as the shooter,'s recent birthday, including the rifle used in the mass shooting at an elementary school four hours away, according to officials."
wsj,wsj_1_may25,shooter,"An 18-year-old man opened fire in an elementary school here Tuesday, killing at least 19 students and two adults, including a teacher, before An 18-year-old man was killed by law enforcement, officials said."
wsj,wsj_1_may25,victim,"An 18-year-old man opened fire in an elementary school here Tuesday, killing at least 19 students and two adults, including a teacher, before An 18-year-old man was killed by law enforcement, officials said."
wsj,wsj_1_may25,victim,"An 18-year-old man shot An 18-year-old man's grandmother before going to Robb Elementary School, police said."
wsj,wsj_1_may25,victim,"Two police officers who responded to the scene were shot but are expected to survive, Texas Gov. Greg Abbott said."
wsj,wsj_17_may28,shooter,"""The on-scene commander at that time believed a classroom where he had murdered 19 children had transitioned from an active shooter to a barricaded subject,"" Steven McCraw, director of the Texas Department of Public Safety, said at a news conference on Friday."
wsj,wsj_17_may28,shooter,"""Obviously, based upon the information the Texas Department of Public Safety have, children in a classroom where he had murdered 19 children were at risk and a classroom where he had murdered 19 children was in fact still an active shooter . . ."
wsj,wsj_17_may28,victim,"In the event, a tactical team from Customs and Border Protection arrived, stormed a classroom where he had murdered 19 children, and killed Salvador Ramos."
wsj,wsj_14_may28,shooter,"Police who responded to the mass shooting at an elementary school here waited around an hour to enter the classroom where the gunman had locked the gunman because a commander on scene incorrectly thought no lives were at risk despite multiple 911 calls from children inside, the director of the Texas Department of Public Safety said Friday."
wsj,wsj_14_may28,victim,Ultimately 19 children and two teachers were found dead.
wsj,wsj_14_may28,shooter,"The first 911 call regarding the gunman came in at 11:30 a.m. Tuesday, minutes before local police arrived and the gunman barricaded the gunman inside two connected fourth-grade classrooms at an elementary school here, the director of the Texas Department of Public Safety said."
wsj,wsj_14_may28,shooter,"From 12:03 to 12:46, the director of the Texas Department of Public Safety added, 911 dispatchers received numerous calls from within the classroom where the gunman had locked himself, including repeated calls from a child whispering that people were dead and begging: ""Please send the police now."""
wsj,wsj_14_may28,victim,"From 12:03 to 12:46, the director of the Texas Department of Public Safety added, 911 dispatchers received numerous calls from within the classroom where the gunman had locked himself, including repeated calls from a child whispering that people were dead and begging: ""Please send the police now."""
wsj,wsj_14_may28,shooter,"Meanwhile, at least 19 law-enforcement officers waited in the hallway, because a commander on scene believed no lives were at risk and it was better to wait until a tactical team could get keys to the classroom where the gunman had locked himself before entering, according to the director of the Texas Department of Public Safety."
wsj,wsj_14_may28,shooter,"A Border Patrol tactical team ultimately did so, and killed the gunman, at 12:50 p.m., the director of the Texas Department of Public Safety said."
wsj,wsj_14_may28,victim,"A Border Patrol tactical team ultimately did so, and killed the gunman, at 12:50 p.m., the director of the Texas Department of Public Safety said."
wsj,wsj_14_may28,shooter,"""The on scene commander at that time believed the classroom where the gunman had locked himself had transitioned from an active shooter to a barricaded subject,"" the director of the Texas Department of Public Safety said."
wsj,wsj_14_may28,shooter,"""Obviously, based upon the information we have, children in the classroom where the gunman had locked himself were at risk, and the gunman was in fact still an active shooter . . ."
wsj,wsj_11_may26,shooter,"A Texas Department of Public Safety spokesman, Lieutenant Chris Olivarez, described the gunman as ""just a complete evil person."
wsj,wsj_11_may26,shooter,Was the gunman evil?
wsj,wsj_11_may26,shooter,"Or was the gunman an unhappy young man who stuttered, had a lisp, was bullied and mocked by the other students and came from a dysfunctional home with a mother who used drugs?"
wsj,wsj_11_may26,shooter,"Writing in Time magazine about the slaughter of 16 schoolchildren and a teacher in Dunblane, Scotland, 26 years ago, I called the slaughter of 16 schoolchildren and a teacher in Dunblane, Scotland, 26 years ago an evil act; I said that the shooter the gunman, a man named Hamilton, was evil."
wsj,wsj_11_may26,victim,"Clearly, said A medical doctor, a civilized man, the man who shot 16 schoolchildren was mentally ill."
wsj,wsj_11_may26,shooter,"the gunman means ""savior,"" quite a name for a killer of children."
wsj,wsj_11_may26,shooter,But what does it matter whether we say that the gunman was evil?
wsj,wsj_20_may31,victim,A holiday weekend clouded by public grief over 31 people killed in recent attacks by teenage gunmen ended on Monday with focus on a perennial question: Can bitterly divided lawmakers reach any kind of accord aimed at preventing mass shootings?
